run_id,run_order,true_regime,d_decision_0,d_decision_1,d_decision_2,c_ambient_temp,c_context_cat_0,c_context_cat_1,f_strong_linear_0,f_strong_linear_1,f_strong_linear_2,f_moderate_linear_0,f_moderate_linear_1,f_nonlinear_0,f_nonlinear_1,f_proxy_0,f_proxy_1,f_proxy_2,f_noise_0,f_noise_1,f_noise_2,f_noise_3,f_noise_4,f_noise_5,f_noise_6,t_yield,t_quality
r0000,0,0,-0.5463972068147855,0.5118638715114632,-0.9869352905834581,21.373330675976106,A,A,1.4387199243772721,-0.3107668994212736,-0.38081728449854774,,0.6587496738846099,0.8078070312762601,2.6087018960553627,0.37842688002090624,-0.33891877388455116,,0.10400166657997721,-0.4633985473337052,-0.6724327850781342,-0.15405705868470987,-0.9703810680988458,-1.6318989872244305,1.1006538333231317,2.698069640938918,-2.025380760266416
r0001,1,0,-0.3312868591712468,-0.19244479648656276,0.0787966310602215,19.541989131487234,A,B,-0.764238147443727,1.5101945614348675,-0.4859631786619474,1.7982629323732373,-1.118058636486684,-0.5513786659134104,-0.49953463947901333,0.627740395321637,1.4120473742753625,1.207654790693055,0.3666786774665545,-1.804620108349032,0.27272043948123253,0.6634845222537791,0.788679445254287,-0.4598229962987092,1.357207874159049,-0.368626504967257,-0.04718694038430726
r0002,2,0,0.9004135264483999,-0.6662831563014588,-0.38657686540326397,12.596225070004,A,A,-0.4720521048278656,0.5610141751165032,0.8656181482944488,-1.4366252792701644,0.4291696425313806,1.4714504950789484,-0.32164228283324764,1.3967285938307372,0.898365453955196,1.1917316703079122,-0.24514132296020633,-0.07560381213581203,,-0.42158444241691717,0.5502270961302188,-0.02972003668840489,-0.15794906750949875,6.501631261379172,0.785954534693251
r0003,3,0,0.0750665979240761,-0.3507317021487324,-0.800593582497537,25.06836759869273,A,A,-1.7089482557858373,-1.7934367760487202,0.014004320763358271,0.21404034771000527,-3.649447274513797,1.4848754745413129,-1.4201462081736613,-1.2094027082554368,-1.0235825708601998,-2.1800232059949587,0.09815425136783405,-0.35987194867041405,0.45196919849563694,-1.1558491288858244,-2.2050770524825394,-0.6275324385407126,-0.9685185185527084,-15.571012163319022,-7.316195834372793
r0004,4,0,-0.8783933140167615,-0.44537869598386326,-0.5443525361384574,16.70417198671412,A,C,0.04813896552011171,-0.1274569652889441,1.7892950886526933,1.4841488452783334,0.607136268487542,-0.29988547053921827,0.4408417379263625,-0.8804186047199514,-1.3748223451724502,-0.7897056031917443,,2.1335181720182206,0.9726015331021949,-0.14039497771018233,1.4009302664615284,1.5598957892967322,-0.5504899374585102,3.7492771765653097,1.8272265639805352
r0005,5,0,0.9244082236697562,-0.2597917605796387,0.03528226118145472,6.124470627617432,B,B,-1.391458721196262,-0.3137220907287724,-0.26290352779209025,-0.604061628261546,0.21770964185745303,-0.8682674356051198,1.722684392161132,1.5397977621520564,1.913733166153769,1.4911768312874654,-0.9148837518548651,0.6662121095698181,0.35920752140894474,-0.7315193904881607,0.0027494750511748434,-1.8600596998266956,0.5646327608157747,-5.045569702670368,-0.5821417615280322
r0006,6,0,-0.5725206578941111,-0.795556131626086,0.7645516815253943,25.49937990983119,A,A,-0.32960773912965413,,0.6135931436840311,-1.23496522262976,-0.03503772860786955,0.24853879526461842,-0.20977805927685228,-1.388847118210389,-1.348239600934481,-1.4336374824664166,1.1583241348088174,-0.45073765131776644,-1.01923206074649,-1.4561256186492681,-0.9805920399636913,0.8686831580854149,1.501954256823272,-0.45938637444165187,-0.38264317163811357
r0007,7,0,0.23728906086717916,0.27165991414970625,-0.9480311886851358,21.376627661669843,A,B,-1.516327961242598,0.3898282355181489,0.12562848605158766,-1.1659253922096204,-0.8751765678406064,-0.20872361191583572,1.2457519145559781,-0.21407979449218112,-0.36521604136974567,-0.31492236710107685,0.7044169553627425,0.862228666915672,-0.5473531871297509,0.7535155917048727,-1.2997648015932481,-0.1943859523402139,-0.06574357482922842,-4.509104996109047,-2.9711987700923324
r0008,8,0,0.6513210762258201,-0.06293887112950225,0.022676192139437612,13.488905005764433,A,B,-0.013487160535476527,1.2406223145007755,1.2965541730011232,1.3809837406437238,-1.4177898732494554,0.5808638599403613,0.583309765777344,0.7980769538054688,0.015270172001761784,0.7930069476230646,-0.09754012062125038,-1.5495610886606228,-0.5427068428009051,0.8740083993526554,-0.5420544508449944,-1.2335935631883737,2.550978210124101,12.226150047967193,4.779151878119284
r0009,9,0,0.35325197137324493,0.8996960602176511,0.4416048935186674,16.640290152523015,C,A,1.1354261958520329,0.5369894898794827,0.3964400843956228,-0.9965490864555617,-1.1364789145641305,1.6587228303068904,,-0.369586139353418,-0.7323095140488121,-1.4950408427141766,-0.8516601888454598,2.229543787390767,2.334076713122776,1.0222385388967956,-0.8243511031206382,-0.17298775730539911,0.11483932438005692,8.70751115781418,6.003938690934463
r0010,10,0,0.5041473619819898,-0.9016972715668052,-0.286383833633405,12.800098509161742,B,B,-0.7037959553300224,-1.5401378141854518,0.007501121985571951,-1.5160454077588317,-1.1516304892141227,-0.07915367114923427,-0.07725789108215755,-1.149122259423886,-1.0923282769021045,-0.8554902671908526,-1.2736842290334789,1.073326308703997,-0.15370757265194282,-0.5174096937207231,0.015747266137354707,-1.3438275721444117,1.0550635159505146,-13.308515126914903,-7.642682368344005
r0011,11,0,-0.11090984975637808,-0.06928308863871391,-0.7745555960456705,21.320371359492466,B,B,0.9466162761756147,-1.1255180936010372,-0.40540221654383024,-0.11277267039587856,0.09874067321678762,0.22789229919500095,1.214676045746131,-0.6686859200903534,-0.46926131198507226,,-0.7270181738053991,,0.8355205101001063,-1.9734141721921614,-0.04955122220990458,-0.33871451228410954,0.20395198191340555,-2.1179603543376313,-2.137824804189407
r0012,12,0,0.8615240396192332,-0.6290683305844729,-0.4198126516208396,17.3269032809735,A,C,-0.1681874034716188,-0.6015241916973639,-0.8701723504711203,-0.24602886170739252,-0.4176675306053861,-0.4069742123964626,-0.5754928486577927,-0.39924056311415496,0.1381465986942122,0.26242559544023486,0.9508725497508723,0.3266088605332701,-0.4662763742842383,-0.5536965752527345,,2.1305139542996945,-0.11106638624880191,-6.921805305775906,-4.472187920826299
r0013,13,0,-0.522021282953977,-0.3178367952998591,-0.4206905992667307,17.06443231387966,A,A,0.3501091067775157,,-0.38313386490798174,0.643244955030789,-0.28854279102907243,0.4384904791320189,-0.22605331383987337,-0.19329326478159004,-0.033628170513567146,0.46269107049490404,0.17506860524174908,,0.06701438584494955,0.9696896428937961,-1.819943979925681,1.6290415396524178,-0.5004817276115143,3.464098669310264,-1.7020780934387871
r0014,14,0,0.3669084491710499,-0.3264524986110269,-0.10707297391508441,16.87532236507975,A,A,-0.4885027414663753,1.149805459035707,-0.16094703137049993,,0.9171942678547742,-0.8964821872440539,-1.708374757750811,0.7178357023818935,1.1845240480445272,1.0275393104433108,1.196931172490614,0.21405412235766025,1.342971673556623,,0.27252000571091456,1.7154932167179444,1.2808831309132813,3.963330059808857,4.815180494823682
r0015,15,0,0.8266781814970106,-0.7780730003551888,-0.9354430405247838,26.870159660574213,A,A,-0.10165564957174116,2.020655968958307,,,-1.2050254806912506,-1.29904604725489,0.4693815019612418,0.02877753616921258,0.2535312903183836,-0.02696779052942383,0.3482796039385204,1.182179456032253,0.7826478780149909,1.229710050315914,-1.4157803597009508,1.459879973687679,2.1209399970762317,8.028193759512375,4.816945254601475
r0016,16,0,0.8585491953042834,0.23398140548348012,0.1667483824206062,14.288581846035799,A,A,0.3794473087752146,-0.628642790024897,0.6425354554318403,0.563226807295061,0.47824648708282846,-1.4376867467929508,-0.42268977761392434,-0.24246037457388459,-0.44084729271234774,-1.1195856755573501,-0.5545119336882923,-0.8624110082816051,-0.259480292587507,0.9425380711188958,-0.5257094232147208,0.5710907761209151,-1.823897005432129,4.107957825153754,0.5070989867661082
r0017,17,0,-0.266337163639093,-0.9028703367234676,0.7580390132243133,16.578660262197406,B,A,1.0499771722398588,0.002709863243278876,0.6316148051200042,0.66248793371446,0.4631090983093271,-0.56360915043611,0.274559865717257,1.2924578742714052,1.9337962800157127,1.9137124500185902,1.404212871962121,1.6731025639174582,-0.5298097404533739,0.6423394160374443,0.5226394017833389,-0.11343376607516997,1.06726641890264,8.898938981079901,9.145608812587893
r0018,18,0,0.8141187725974066,-0.9956528280262726,0.8052355957872861,14.172309144467174,A,C,1.6318079236668313,0.20099872148334458,-1.0222202165554397,-0.8301169197845334,0.5993362296887427,-1.701264977545343,1.4939556591282097,-0.3117780223216277,-0.4097912187078535,-0.2720813485420022,2.454317588322041,-0.04693549983753284,0.2942927804584361,0.6992610016154558,0.10950529479103589,1.4159656248386623,-0.23372264396797776,4.697150275167835,3.743567697160306
r0019,19,0,0.4066704960100742,-0.5604553255744895,-0.5826612056392368,25.266316875407142,A,B,-0.26616081134125985,-1.4731326291078135,1.0913939880133638,-0.1309971433780474,-0.6000239693813525,-0.6354860786887565,2.158428140816952,-1.353541947585636,-0.9819128443273757,-1.456019063222517,-0.5110154792233937,0.3240776985313732,-0.3824329477883967,-0.5512922197277801,,-1.176552641482402,-1.8976743737955248,-6.331603647019409,-5.684085627986992
r0020,20,0,-0.15607323009553542,-0.761781511882728,0.14790752022167197,19.14144359274417,A,B,-0.8451137738783092,-0.09490404310637515,0.07968829425080316,0.9646735874012438,0.17398150828801426,0.30274077743036604,-0.6981822141194542,-0.1914407951017702,-0.34316580976316297,0.06006874670169185,,1.4788992336270306,,0.8887622919920662,1.350575521294643,-0.29995939356185325,-0.8877287609797042,-0.9388473175460839,-2.898052286240665
r0021,21,0,0.6582072116422923,-0.7916062123000545,0.583734603443953,18.816734106651573,A,A,0.9047481302933709,,0.04551161318820781,0.09499905140856624,0.2362998524059931,,-0.6144370813956166,0.29275267841385844,-0.2633467673968135,0.022440339720043292,-0.4028184527786568,-1.2549564675898042,-0.8848549229943613,0.3197843563329825,-0.28566078408232976,0.8435158286061479,1.6276662333614331,6.871227279980723,4.2879811629303015
r0022,22,0,-0.5808089560635101,0.4603180394378956,0.9153598076384695,17.6344967178793,B,A,1.0727694032940998,0.4394682907943307,-1.1852705881912282,0.41114577804380464,-1.1576628105330806,0.6367361462126427,0.49690763538382643,1.4930767757693495,1.4098838895166204,1.4319501270403072,-0.1357318441890873,-0.25181230158502443,0.06697074172806641,-0.8688732808906434,-0.45527579117587713,-0.02851242215911995,0.033530397873622365,5.5987748839737845,3.0079591152210345
r0023,23,0,-0.9748683256671244,-0.8350295870916296,0.9826578982977958,11.118521327037053,A,B,0.8676787694166916,1.623800091045538,-0.3030535194572056,-0.6602636132379838,0.5494782470839014,-0.37867893283530235,-1.2104674565251259,-0.2273697610113749,0.7303140937869232,-0.5073384066026876,0.5113014591577452,1.9124089603082413,-2.2265734382762155,1.0733887709946777,0.8635064402992738,-0.9163143113778262,-1.190565122503964,3.205873353152877,2.1729577038521164
r0024,24,0,-0.5225465053126686,-0.1676386841756623,0.7186576264996654,22.732549852205658,A,B,-0.1965284945782598,1.0633712801649784,0.868530772287103,,0.34876386636181494,,0.5799770630678621,-1.1134825950089626,-1.1979384327952738,-1.4712378923635987,-0.8153515415735914,1.4608540051844034,-0.6908625799472007,-1.37558804330409,-1.239262143957723,-0.32061154109470574,0.17235257922919947,4.935386898152211,2.1187860105752776
r0025,25,0,0.2532032913078779,-0.18806986735086229,-0.03580828421675508,17.080902179485157,A,A,1.2946892918892454,-0.13809281912190244,0.20217073993417115,-0.020139705278044515,-2.0383045455298947,-0.7971646634561512,0.4156424442719699,-0.09787550793367253,-0.60014077116518,-0.394014747970361,0.4714889876084934,0.3032431514532467,0.7433423603696325,0.7228160115258883,1.9730895521486072,0.7912460655751855,1.6839186672930848,4.179936050110781,2.3034816652572982
r0026,26,0,0.01052680794594063,0.33594648827952067,-0.08200460962959766,31.75720973831961,B,A,-0.39992554862074914,-0.6486917485459646,1.2236221388254136,-1.7541824772460588,0.38470749046095765,0.026067359515693066,-0.3650510192034865,0.020830612982606495,0.3150063465940597,0.2294429991112602,-1.382460154519112,-0.47400612332494174,-1.7601291124403697,0.5066228775460445,0.1219735769171816,-1.5030037979689963,1.1684039191827758,1.3972794211732342,0.7200358255197196
r0027,27,0,-0.9744998013695616,-0.43261674526432214,0.1605352640778943,25.618147864027073,A,A,-2.861199743492538,-0.9252678461459719,0.7486078968992088,0.5042967090655988,0.7924659210817154,1.470695554018293,1.0367779564174315,1.430632224507868,0.7228687999143012,1.6774157233976332,-0.7737653178038033,1.565504067463306,0.8781223866448111,-2.2860792796932685,0.42874995143515415,0.39834726691172756,-1.1185110524845732,2.2213195816359566,5.679025415428686
r0028,28,0,-0.9087628067579459,0.9243726222830286,-0.7007326474091384,21.380575279726287,B,B,0.46708540343196253,0.11540615343438429,0.22928732879606772,-2.4895655016474483,0.883537438644666,0.15668007577996915,-0.26543130486989225,-0.8939610699224022,,-0.3352781814866596,0.46434346606979227,-0.8183202031796442,1.9136501483513657,-0.4015723850711854,2.228935017734884,0.5075328596392195,0.32919005718240557,-1.2117374332327435,-3.7610474179491975
r0029,29,0,0.4436011577523711,-0.7112369023224123,-0.08873286576817896,20.49217429870154,A,B,,0.706437507231046,-0.07327151200578456,1.0440633120873002,0.49916325298227865,-1.1542200462444252,0.5626712486512515,0.9337379460276896,0.4982950440499596,0.8555147699749831,0.5136141639004114,0.9719850658679323,-0.16277357068956594,0.15940436606432526,0.5117314653090042,0.49370714980716157,0.3471472917234531,1.4955245590447999,1.6626392388865208
r0030,30,1,0.06699638585083534,0.2036431578272384,-0.3522065452717922,16.107202092594868,B,B,0.9847151611651999,-0.7851742934201442,-1.5759623721118632,1.7869009389973467,-0.8516988973239175,-2.0261721595384645,-0.8285792926063902,1.0078835766284633,1.3977872483906313,1.7759189579310666,-0.026508522500762233,0.5421109540649299,-0.17694664231489743,0.4699383615867495,-1.1184774381135862,1.0002647234706208,1.1365258690018707,-1.5260916325246057,0.9818725236840005
r0031,31,1,0.07336154209327228,-0.33510770451111704,-0.6824128109471774,18.540552651052597,C,B,-0.8861479371489684,0.5241160805251703,,0.0927495924250189,0.6709980879549287,-0.9776028314669625,0.4064355557410916,1.4708616961456062,,0.9197795942573601,0.31699960404107763,-2.273385323563079,-1.1291781393281355,-1.054914323315226,-3.0639959976999114,-0.48435534507472855,-0.07459260678995903,-0.052774339301347895,0.875698743205611
r0032,32,1,0.7535387582628326,0.10308532981447449,0.8894665862948028,18.265310706834782,C,B,-0.9234839911765276,-0.36745203079558203,-0.11150645286485039,-0.4839206884423402,1.1002071230389552,-0.6725062875277656,-1.1609303065682144,-0.9915647999573602,-0.2036629497832682,-0.3537151878222408,0.26492862474417617,,0.6233882230773523,-0.03740886210038958,1.3605632789886533,-1.1096821816328983,3.121354107847308,1.822969397263821,0.5027802757139491
r0033,33,1,0.4433876969690089,-0.043224082195554514,0.08177903764282446,22.674050613103546,B,B,-1.0939393214524025,-1.6789814231925013,0.6467820561451146,0.09487133012300886,-0.1648368411126021,-1.3842171076115273,-1.3238902787026845,0.8136677385233253,0.5259572274997246,0.8432810743877581,-3.1799639124119983,0.4752990286134184,0.45601683398507425,-1.7644557904931248,1.5744975531089127,0.28798098618406764,-0.49269884665010777,2.0782617421415774,1.1809769704023445
r0034,34,1,0.002230056273897052,-0.10353539493017383,-0.4540228414532712,14.001483065964077,B,B,2.0101202590844647,-0.6418058628669019,-0.6581084395028072,0.09273991155735523,0.29364208680781545,,-0.7097473158586602,0.45036990850501596,0.607118947002762,0.5691430570957262,-0.23655715861690524,0.21172014019904675,0.4249458929046113,-1.1617291310494997,-1.3861469130126725,-0.575794314215712,-0.7305553450501094,8.479929008992613,7.123792359056804
r0035,35,1,0.9980949298482564,0.5831932551688468,-0.703416960878327,16.804300814353024,A,C,1.5483382154109773,-1.0100725580879073,-1.6831156765534139,0.32098385566738635,1.5729868445758044,-0.9444095189701498,-0.7503973251102074,-0.2700357727852901,-0.825008006517137,,0.8302000616185967,0.9385495881706404,-0.7727098371670155,0.643718311809069,-0.2870205756907455,0.2975584871633261,0.3028595796779805,4.078108117674915,-0.3220340286304818
r0036,36,1,0.6539451469071444,0.4266133438104198,0.6694176027866876,23.069170030996467,B,B,0.44541425908411736,-2.0173041910806115,-0.45310963800003795,0.4195700997055672,0.9859441190734839,0.2640810363355437,0.4699358847203999,,-0.4449491969725733,-1.2397647976968544,1.830406281501493,-0.13652661250007875,-1.3676132657605975,-1.6523742500061935,-0.38048670764136644,-1.732065693812341,-1.1919570000155568,10.813165193301316,2.817985615211249
r0037,37,1,-0.00904255428388101,0.07268591486595377,-0.4387414952282933,25.0646738902162,C,C,-0.21629694402006278,1.8334664404346463,0.19431005676815893,-1.0643925346145346,-1.7073041818089187,-1.1479174976631275,0.0013093132170124422,0.37657123230028,0.4665200483279124,0.3532329280686906,-0.20458930821017127,-0.6460506691357382,0.8515663307123212,1.8450562078119557,,1.5982610651075417,0.5807811051330449,-13.379440166879737,-7.10249636708474
r0038,38,1,0.8182936964641412,-0.7321868827868419,0.02892254662255711,21.186129875208913,B,B,-1.8907939991574934,-2.0354058011452274,0.29454146001778253,-0.44865428649185307,2.1662953860534557,-0.4783229151237952,-0.07044115536982104,-1.5021561715483285,-1.557968964050459,-1.5904897488196343,0.12043481366418396,-0.18701169765303732,-0.2408530593950344,0.9822238751080422,0.8240983229771529,-0.7308421578359208,-1.9397402209283576,4.933418864147472,4.907889197957234
r0039,39,1,0.6826364458492498,0.8627499864832135,-0.475730269738464,18.736559209590595,C,A,0.9941741393634607,-0.1907471599440888,-0.4516842281042624,-0.3048287118237647,0.9063317290712165,-1.076553433813415,-0.38707981346412385,-1.4826067503356135,-1.7601245644518024,-0.548438297017912,-0.5458027727839292,-0.03253107439137754,-1.1331849880634677,0.26562333060372734,,-0.2057950622070794,1.0581813414574663,-0.18245677806190708,-0.33911785641053316
r0040,40,1,-0.5846906555951916,0.2815652362521328,0.35585218376578576,15.57466849910496,B,B,-0.46990315549871114,0.4948928587327733,2.3282507684941636,0.7498010701925724,-0.9065605513365531,-1.546093021628891,-0.45456450939794907,0.04055215756692521,0.44888983009570044,0.20326363594705987,-1.1556811296772487,-1.7621700129576467,-1.4323166303651205,-1.3262659830384467,-0.6028209330760017,-0.5601388789839375,-0.5647592712668384,-8.159319672230339,-6.502459833816383
r0041,41,1,-0.674146218917479,0.7278999084922593,-0.11667723332402247,16.478445417841012,C,A,1.359481000021546,-0.8068609554709041,0.8620598930574281,-0.8235401234448232,-1.3429086273409918,0.3759528241701913,0.2410786705803239,0.947652574886935,0.2524343074693181,0.14018997222452578,1.137841451291785,-1.329038185541669,0.3616614307544689,-0.6626152608654662,0.9617329949439634,0.5666376079152952,-1.1285618383231801,4.989326547685124,2.5694375944948424
r0042,42,1,0.07418016923997084,0.8471825581250592,-0.8624115753184127,21.22008406523723,A,B,0.10007003645493479,-1.426136842502069,-0.33159578905060466,3.0207644276748518,-1.8142115548895552,0.05899822204543337,-0.28857119591275043,1.4487506136166994,1.7456060637109783,1.9123843171566084,1.329909701314653,0.7522755271843555,0.979585849417312,0.8616995492977252,1.6462708336676122,1.1609862134940065,-1.1903727635670176,-1.924690827290934,5.286952880613603
r0043,43,1,0.15844108366448317,0.1137387402985015,-0.5247140545608369,20.952379407013407,B,A,1.568795522559702,0.5069442420486816,-0.2574444453224645,-1.6909055955295287,0.016925156105720846,-0.27865997382918495,-0.24585372539184425,-0.6269025875045786,0.1973267357669275,-0.046691424311968516,0.02347133376121346,0.5227418853125254,2.1392628985558995,-0.15001938088123276,0.9884833746639407,-0.360452584710521,-0.09852059115244498,-0.3382576169017779,-1.4342237917897505
r0044,44,1,0.5860440290238504,-0.7013207613240864,-0.41677926253664754,19.016346186164604,B,C,1.1267508724007775,-1.0919649076115114,-0.9464639822168328,-0.15962079584394728,-1.4407936443339404,0.24576922640948684,-0.022288998856617975,0.37023873725791795,0.03044345027233565,0.2138204325585072,-0.8100792187497154,-0.5597983477542493,-0.36158316963640313,-0.058142516524689714,0.6628353034501288,-0.16740342789631937,-0.30478975822721444,3.7680052832589865,2.762212150512407
r0045,45,1,-0.6219091767970975,-0.02525147948862072,0.9901201891165574,18.98488696226264,B,B,2.4354139567516495,-0.15512922747777105,-0.06048371968462518,-0.010733603050031265,,0.6100854275380878,-0.37143586044238514,0.43975087976624483,0.2800112771826272,-0.1983762252421997,0.8221480073930276,-1.8776265705411848,0.5641505596489638,1.1818517885761461,0.851981341081138,-0.25833140384477643,0.45292195412223757,6.636328871472772,3.659185590056762
r0046,46,1,-0.9286244785563527,0.8612975791917694,-0.0965404840215045,11.510499396538425,C,B,0.49946443694190307,-1.082779540150263,-0.6221306757729717,0.3636928050306553,0.6210306989545344,-0.5323419938625722,-0.6402627659178488,0.4714385610300189,0.6996629525144659,0.4206270982080792,-0.7498054470270994,0.4011379727023581,,-0.5639930972320327,-0.21781788752771755,0.13499368862292377,-0.5569294932726021,0.22185840722975902,-0.12754822364230295
r0047,47,1,0.27129704512109587,0.26779428661555005,-0.6706338926360353,24.348539962640693,B,C,1.5435377392704075,-0.11273765758271548,0.8868549847797076,0.6391440703336158,1.8701281023014584,-0.4220221116407916,-1.0962850626137355,0.14390064657692236,0.3982714578880571,0.5975484421536695,-1.3575505274978636,0.09447856519759919,1.0018737168545793,,-1.576363868224851,1.2868148287354229,-1.603151705361683,3.2216037893755924,-0.9994448789999606
r0048,48,1,-0.9105913596609116,-0.5565019872797288,-0.9999827867163122,26.447153527010727,B,B,-0.18479910173179764,-0.7348760070360921,-0.43902449265190785,0.9271672399649038,-0.08212543967249297,-1.0380175534345448,-0.3554242711826912,-2.5161001549488566,-2.4124524374860803,-2.267558136387879,,-0.3272771333814982,1.025114075587933,-1.4946421075182148,-0.29902621417631375,0.6283096678209743,1.0850808648455796,-5.046541489967526,-2.3561740687961565
r0049,49,1,0.05621882351226026,0.4662463839423765,0.5833472685063448,23.994125287809595,B,A,0.1623128921328047,,-1.9725849541904694,-0.8001187062331614,0.532081718335962,1.3919213340892784,-0.45126854980314896,0.4416104927854184,0.2164858247306745,0.8230351153957423,1.4861899695529457,1.180612125022008,-1.0231070951749086,0.4550705247213089,0.1677212326087766,2.0382693719246165,3.501937685960486,-3.176616212223037,-2.095363688297814
r0050,50,1,-0.924920870827481,0.006306483218846193,-0.02141833039579577,17.301637881750885,C,B,1.2418563312586415,-1.0620575802671475,-1.1359766581712998,-3.148527952325391,-0.8931120815737046,-1.4752575274844764,-1.032456132833664,-0.6518140378789898,-0.04589063564977858,,-1.4816290165507697,,-0.9614820362339712,-0.40745136227120426,-1.3741399853007672,1.007061027190164,-1.4991202961641028,0.7685081563685292,-2.9015672069196334
r0051,51,1,-0.06522418458376111,0.9994093872699592,-0.5301434606393571,19.35001924079067,B,B,0.2719076654497906,2.137389256828515,0.2148031265831119,-0.4971872929274435,0.6633443390542972,,-0.609863713739939,0.010243721785917592,0.7463193377854379,0.9741599313820354,-1.4662106384449203,,0.6100387780782005,1.1975899079365697,0.21650664682812612,0.6323075728670642,0.021049437552542457,-17.1032553544279,-10.98908803146423
r0052,52,1,-0.811313515979978,-0.8775189854569365,0.6560255430399373,13.091922162491496,C,C,1.6548551716859454,-1.3918239826963177,2.3619373267658044,0.63227428937054,-0.5600216810113545,0.37130156535949915,-0.034695415643897914,0.30475467051411126,0.1694260602780383,0.2127227428091383,-0.9837969570910998,-0.627513332614332,-0.38209512679646734,0.13167534210728285,1.052779903253726,-0.6935658718038987,0.6029983838313168,9.586996396831927,1.0493348571539052
r0053,53,1,-0.24703178085296185,0.8617378779548373,0.3016847656839312,12.718327324421656,C,B,0.9256709450165601,-0.8233627433726485,-0.28090040330875504,-0.6383781318061712,0.1662019873235205,-0.8999165212401861,,-1.4355594173724244,-1.4077248593113123,-1.37421110000975,1.936950156786337,-1.1058576200377521,0.2773650030532119,0.7980418852751128,-1.0482008331039094,1.7648727398038695,2.149903060510339,5.392828376181375,-1.5571393462931404
r0054,54,1,0.40377830899190004,-0.34646989990839394,-0.1858047905848268,8.866748803465647,B,C,-1.7058720998004533,-1.241572049651586,1.6303272262434856,-0.25806085216163055,0.30633260609318064,1.2369947712790523,2.4270728849937795,0.46514091474598596,0.6658891945484937,0.3078801139525148,-1.9203468372075285,-1.2684056852686023,-0.13651835878326066,-0.6288397451481786,0.19549131354697347,0.32645244959089653,,-0.7686374761672595,-0.3629819630460343
r0055,55,1,0.10533540577318501,0.30802492628059075,0.9860194740309223,15.776828044297686,C,C,,-0.9841144856312938,-0.6982591957792468,-0.2643022964291333,-0.8048577168127835,0.9253445849539388,-0.42274493279811615,0.1349514462929708,-0.47495575403316626,0.022126490670767496,-0.7813531645668762,-0.5421123944268114,-0.036012737299080305,0.07013782862836151,-1.3415083351422343,-0.8770215833622272,0.43082822182261316,4.631043077931605,3.840227295015929
r0056,56,1,0.6092470126181642,0.12179704040407247,0.8283836731044234,24.66181097944799,A,B,-0.2277229837649271,0.026382705607748858,0.9785916268669379,0.0966339150920359,-1.6149075454027224,0.5981768339254572,0.7092873883078243,1.8367855542006597,1.507331347280111,2.3809413706734732,0.34896985022522764,0.17251244600231985,0.6857987746530685,1.0610489949285373,0.03587795074185282,-0.056291306349469515,-0.16134444039324283,1.150441801013293,3.4159071388711606
r0057,57,1,-0.9363019949503042,-0.8540584177606019,-0.12529096185809352,20.393173082513062,C,B,-0.34091919871581006,-1.8393399366799286,-1.7596953987570612,,-0.6667571944760058,-0.20242145466994582,-2.003027128896332,1.7836894680081208,2.0440687005540727,1.4768724481159257,-1.1061773505568313,-0.9101873588493332,0.1827933457772312,-0.3718645544547852,-0.7726840263367236,,0.3444698442481101,2.2020758316800153,-1.0591143924193411
r0058,58,1,0.6358897998897663,-0.3164028996432684,0.5108942861768664,20.608224574718438,B,B,-1.0103915752673551,-0.3910200946402863,1.005901107519922,-0.21867156630273163,0.856381313046003,0.6074941986424276,0.5639279495130339,-2.08521587052195,,,-0.8521714448090743,,-0.593961348628416,0.3492602205784981,-1.3412704044394985,,-1.2627833825077484,5.103633560446407,4.562329753806233
r0059,59,1,-0.9541545235475661,-0.8755306624127408,-0.6995856274325352,17.245097877010256,B,B,1.1376374665547588,-0.6342287950992962,1.5592363642614822,0.17413281130769592,-0.4033237950482293,-0.6641121604679643,0.16085520071514747,1.4552743387879798,1.7764833039726546,1.4733624052505347,0.7533110712660522,-0.00444504245633702,2.276745871363866,-1.263689383839966,0.6624942148552027,1.6489833089591557,0.23341744771206846,5.988381731429677,2.734589058482788
r0060,60,2,-0.6351520463058544,0.5933118852141703,0.43680990623116167,22.364729658840645,C,C,1.6931636027336137,,1.7138743907701701,3.1606008920681052,-0.046488728995672246,-1.1175442424812392,-0.8805683826851011,-0.23662657712298496,0.1604560242873388,0.22775104155223116,-0.9066128974274985,-0.22789898389650384,0.3120491260125643,0.11489682078607186,0.8852157033665341,-1.0095705353441669,0.5400113768162512,18.287732341845008,14.11985192480262
r0061,61,2,-0.5884798272390199,0.8031109547539979,0.11131777371874452,20.48258740356791,C,B,0.8399887939448227,-0.8858872104765453,-0.531120206066676,0.7336770241177053,0.5896232324839883,-0.038936164465380396,1.0876205947114144,0.8883200772926083,1.190853767226703,1.2919094911966031,-0.10855395157481894,-0.2639900096165938,-0.14457689099472967,1.2138081694499963,-2.572428933674479,-0.7038615999913934,-0.4677553231791843,4.473873188930006,6.616281942674319
r0062,62,2,0.9684022835797124,-0.6018864346009054,0.2294716168289821,29.60375617482187,C,B,-1.7663801197335889,-0.343923967288299,0.23477250164824182,,-0.2236745366540879,-0.3020926074704682,-0.3562512173246416,-0.8982897720600482,-0.28377965635303987,-0.09436921887687949,-0.0463232150370557,0.666287713481739,-0.4107239563309489,-0.5208045121900883,0.5769005049188239,0.2956681052219976,1.9540235049055603,2.69125013818358,-7.377981183964937
r0063,63,2,-0.6816140088049407,-0.7571142241302082,0.1462610574555463,31.723564442660017,C,C,0.6400331635493235,,1.1307106943701977,0.596008433150185,-0.28947290884097715,0.7793723516845369,0.781154816218863,,,0.7569046572010572,0.6654912862305802,-1.2167259804490949,0.24573077478928518,-1.3658827262972675,-0.12586392175987396,-1.4517795839080623,1.125382226368698,14.403937333865436,8.41908645801278
r0064,64,2,-0.30396090898137085,0.28962044202655246,-0.7843963348787781,18.29379949778472,C,A,1.497254632883694,0.6038228278132232,-0.5246593842406926,0.653320773358946,0.2727204745057146,2.344099720503045,,0.9173145976347934,1.4222903826618487,1.0654289903395973,-0.7169959268031024,,0.6826439491130056,-0.4212179225362014,-2.7580847937418036,1.2560783596484038,1.1594183227747752,-3.2525091809048154,2.2926058085008227
r0065,65,2,0.23062940937420984,-0.06344793944978067,0.323202163093931,32.16196271482224,C,C,-1.2871438348682045,0.4016107511414788,1.535084760762445,-0.9912246780153587,0.10339501045006788,0.26416319908932995,-0.7920068808439351,-0.7892981942534123,-1.0460264637144412,-1.0634098581754388,-0.05562218349873087,0.3149184485500881,0.06264134590466072,-1.6410836552818329,0.3963309680551634,0.9600263877272778,0.1605213602375562,13.5115948328351,3.068048787009179
r0066,66,2,0.3244009839273434,-0.2330507411648095,-0.45268512878183254,25.52273893698848,C,C,-0.944603384908818,-0.2914888115937735,2.1373705414872872,-1.5309824209683423,2.2254952574492113,,-1.2955606304725227,0.7005094555905863,0.7754217373005281,0.23347743226197956,-0.3046989979906851,1.709344647732986,1.7188451818718176,0.4053862247295855,-0.29325400968933685,0.5019594383095052,0.14577342961408096,4.662982343560098,2.838133273783958
r0067,67,2,0.2698659470736484,0.8910326907289328,-0.9312827082589143,26.619357011831248,C,C,-0.1528321060693697,-1.0431458414545904,0.9668140624948084,1.0173704994878756,-1.0150337171682458,1.050164746332749,0.2527001473573729,-0.283798634625576,0.01012838683665146,0.09424775988748559,1.0446372771781531,0.7943263361704507,-1.4066293470433577,-0.38039391374710846,0.365065579921977,-0.22056688389822154,1.8690686392960247,2.519386102550204,-0.7476147397551397
r0068,68,2,0.5610820532145158,-0.025756826285489476,-0.28377657711400395,31.41566458374459,C,C,-1.2604664638583047,-0.28143186371277223,-0.5212242677484875,0.5150158618381,-0.5704808263644755,0.056600516034904846,,1.0947943039379866,1.0481436035403344,0.8116696677674237,0.08448819317955897,0.7114567144692036,-1.092016221322905,1.7324458126327928,-0.41956684148715107,-0.834873215107038,-0.12080428526730745,3.3654729950268676,10.128328137983578
r0069,69,2,0.24915711113580397,-0.08269273468081395,-0.4878223920239013,25.15664006794512,C,C,-3.143623966954046,-1.2678992547284087,-0.13616310513710228,0.23986850400997778,0.10012314640958953,1.2181548809277167,0.36327166531469934,-0.19274829744110786,-0.43746063773122623,-0.07264652890564355,,0.7476033360181475,-2.5141078789270326,1.0329017882516502,-0.08923629506226198,1.3225202325433834,-0.3819680775491541,1.0076055788754772,1.1596443559286504
r0070,70,2,0.8898105197553186,0.5249746169026339,-0.6906453121007294,18.1313212125759,C,C,0.22801573446913712,1.9269451322275009,-0.4169001825052191,-0.3190182766496048,-0.7481530744937743,0.6267539159976789,,0.8599754465952221,1.1082807812774444,1.2423382502472342,1.5741604108044418,0.6739289422913596,0.6225963513917658,0.7240960458022226,0.22891096614524747,-1.8494976129509584,-1.0650352270163481,7.979616988544586,8.877273617730967
r0071,71,2,-0.5508069660700619,0.4479353990836743,-0.7693068232554259,22.127446548074893,C,C,-2.4872182098627817,0.7112067606987253,-1.839253250228209,1.765463904349359,0.09128075976937094,4.270661595437724,1.5839176663198493,-0.08171375998409476,-0.622590429639555,0.35584772018556204,0.37789024811252336,0.7237199756126623,1.5832045067046534,0.6375924946304633,0.054581761799686275,-0.30073297134796234,-0.08168321618521482,4.741145798525129,1.7180417991341992
r0072,72,2,0.8977932263379897,-0.783804016766676,0.7071291431539084,31.958931459195433,C,C,-0.929096177117482,1.9864450060166456,-0.23066284693454742,0.06863794013559865,2.0243823465246606,-0.4209380502682065,2.7611546093098283,0.5621890199569242,0.0033393790346996077,0.7707109849314708,-1.1307386562902397,-2.269569754996953,1.2862774674698092,-2.1309892881611217,-1.194701072036465,0.41375857023774215,-0.20220084783671377,8.239664351950184,3.9635048590664774
r0073,73,2,0.01583253251584149,0.021197304346109336,0.21906089068586865,24.952609981724358,B,C,0.1620690181152166,-1.4868779030927817,1.419386325886904,1.723605677400005,-1.699154299627904,1.7003505963585797,-0.09141583960120665,0.16902166424721354,0.258616395617119,-0.3470137315169309,-0.2572755051056956,0.33109939377738956,-0.07624031374044354,-0.2605142976847375,-0.6496291623687929,-0.5717253436746922,-0.2149460112931158,10.197096717292572,3.994301975037821
r0074,74,2,0.13082689490346322,-0.8921622471726158,0.896561619875758,24.448101595546834,A,C,0.7938070531887911,0.26195258853525727,0.7773563114034023,1.0804477188053672,1.324675048679414,-0.3118899955029111,-0.4894051131016012,-0.5889880666968591,-0.8175774960828254,-0.6686575307357902,0.7648113293809514,0.3654580708656254,1.6727399883698595,0.04622927380937214,0.20317402292914058,,,11.693085031175862,5.757178295852931
r0075,75,2,0.8515153025398114,0.1014272972404,0.2882807569161141,21.430396682936685,C,C,0.8041341435503886,0.044903687912804274,1.7536821469833102,2.8386861057570494,-0.24888697253817366,1.380630625086873,0.293283944803161,-0.6222344739330926,0.03745179175452118,-0.9519360405675503,0.49969635019487213,-1.207891759119368,0.06657568070210303,-1.3634906957739723,0.7254277906431466,1.465661263601798,-1.4676099263197149,15.149496442892927,8.910548273498572
r0076,76,2,-0.33896138711285984,0.8495866812278916,0.883991122297199,23.403128240595375,B,C,-1.3426097221583875,-0.11070669011282534,0.3235764931237287,2.164347943412481,0.47071840451606045,0.3341756652658755,-0.8658350628542746,-2.1625346937790275,-2.043505692835609,-2.7732882563440784,0.04580022957899897,0.7229092659540037,-1.0899834516203035,1.198345025183762,-0.897295118941474,-0.03412604883289195,-0.7658172847621766,10.133057946876745,2.009146915167193
r0077,77,2,0.1860767002535837,0.5783736846565453,0.8128148192517557,13.956856267583714,B,C,-0.43844263594666,0.6759038701383487,-0.4430289733686832,-0.6074552006689226,2.0199607545043237,0.5156916798991689,-0.9591046174923764,,-0.012695593083688797,-0.12839331765499526,-0.6247071402568786,1.3469079065533116,-0.686562305265113,-1.452449610820227,1.296851483453494,-0.7752860567120196,1.267065336560521,5.592465530323803,6.213973136028923
r0078,78,2,0.9722679532871745,0.6468920233088451,0.7216769470742235,27.916224689510134,C,C,-1.2227937090446328,1.378142464405784,-0.7697252253531275,3.3280017925122474,-1.3751904619894424,-1.7614706555746338,-0.09664442032649113,-0.42745436940853043,-0.5907472338513735,-0.8235802055199085,-1.1002833205556672,1.805305430446986,0.8300718383970087,0.8028730971812107,1.1732833835100311,-1.5234739058416016,-0.3292211429792916,6.381869732938222,2.7526161871689845
r0079,79,2,-0.17611342375856065,-0.9318914245677423,0.3305041157472852,24.27887138321094,A,C,1.8687141629867967,-0.2659576433981241,-0.1415162715112639,-0.10280816877536147,,0.6260499287295631,-0.05167088528958505,-0.17608848799335566,-0.5696127856426034,-0.5387219096253063,-0.9973210214897423,-0.6244118188490602,-0.7531162258899797,-0.34530127104411223,-0.8679635045697848,0.7800895617399596,1.6095586550965082,7.431774603445615,0.0005732793545283887
r0080,80,2,-0.843010918319183,-0.002329796662920103,-0.8110796793122363,23.132762778361727,C,B,-1.8613048709681694,-0.8304470555852587,1.36975889230367,2.230609829901122,,0.08059469989209872,-2.439919440372897,-2.4049136147690993,-3.0854515305462638,-2.6130821645277544,-0.766009507311261,-0.17026978627323267,0.4653595586325206,-0.545574655690022,-1.5177114825422156,-0.5740677863750843,0.30104513959111634,4.277955709018756,-3.151692054701477
r0081,81,2,0.586575418892515,0.27663031323044796,0.32897952824848486,23.19435657161921,C,C,-0.2689896685754376,-0.28819599048653494,,1.910320411519578,1.1764070361394436,0.325687154922392,0.11550243977376495,0.7601673838991886,0.7043464255414937,0.3902533761606197,0.533723301183335,0.9092320323300958,-0.6140849247919531,-1.2722329609364258,-0.964162807633796,0.29222913545440427,0.48791690334313625,9.144032707673253,1.7275581628136565
r0082,82,2,-0.2906595900755582,0.1936054365413451,-0.8126544779590688,19.642245211942505,C,C,0.38885106408488623,0.6444103580238819,-0.6309472445121775,2.0309235245438537,-1.2484665337022547,1.1017729625605792,-1.3357900341949946,0.40844444382698925,0.2153928426684572,0.2942199324735008,-1.3169255051155548,0.1407404438214341,-0.6626650256153602,-1.0658494995937384,1.117840638225772,,0.4264693969410358,3.9949488215067968,1.728702897209611
r0083,83,2,0.4411508082767548,0.4694349547704906,-0.31497336709299817,21.36528190624328,A,C,-1.0378802765355937,-0.16652575210749548,,1.28325999480818,-0.15396473105062364,1.4531146822193097,-1.5162927899580871,-0.04159374633923954,0.564836203554994,0.12762749767227533,1.0621735388625746,0.2314736160539204,-0.24568719366895447,-2.113173477088511,2.0533033979860886,-0.7329049029371408,0.5907579811424736,4.901132433243118,4.515086078423226
r0084,84,2,0.1355205049641579,0.8437712790448095,-0.48261050657705185,15.12767141471095,C,C,0.6818932505939701,-0.4850496886644382,-0.2739449550259079,0.6981276329684942,-0.2791093021242222,,-0.6164711520556249,-0.21548920014856954,-0.0819125506698532,-0.5746916928449601,1.739346039059211,0.5467248327902934,1.1299515061187733,-1.7182201506773886,-1.0456406416365596,1.3205140578543166,-0.6586259509650398,-1.1097841489195637,1.2607897750326085
r0085,85,2,0.010700254496702089,0.38301784884507417,-0.9745317293641398,21.611891171746347,C,B,-0.6130669580024365,0.8213751494382687,0.5329701337784052,-0.43343658161816967,1.3151496528093074,-0.13358110641630416,-0.8872974852847554,-0.19669136081005223,0.2942313911273115,0.22026402738461054,-0.017096298708633564,-0.8966878595586699,-0.19395571494048525,0.1169510095580392,-1.2159205012891148,0.4498173638591673,1.487623178962237,1.8110669397956973,0.6015809063042139
r0086,86,2,-0.350577955283742,-0.7613721282678874,0.11723271552739734,28.955560129201363,A,C,-0.6660990329567775,0.2947608741188784,-0.9007717274322331,0.9490828021922422,-0.5075076700870236,-0.08128315461656116,0.8458937686376173,0.3143906072967213,-0.08866776547049965,0.22802077465737647,0.5271930687620334,-0.19351644746207466,,-0.06965637520278167,,0.47445173937456897,0.21274845561867942,0.18729036474412575,1.8616156206378074
r0087,87,2,0.08140215736098111,-0.8777316439571263,-0.49004597015404094,22.52341702894797,B,B,-1.2222621592068386,-0.586015200072281,2.552325686545487,-0.8732704383551285,-0.041711219094197116,-0.45434769817039655,1.3412070706879662,-0.3726800470412497,-0.48106235096809263,-0.5852059723047566,-0.32993333911009437,0.7251766242299638,-1.1242623499779538,1.0390042550397922,-0.1588842333827841,1.3300475926443942,0.43778602899448404,7.668323738721224,4.971074084140038
r0088,88,2,-0.5392087140070807,0.18445586550965865,0.27907520202552827,26.884926649444324,C,A,1.0939807997175501,,-1.8407632527070645,2.596245110118166,-1.8167966882889786,0.25350502110514883,0.3352115613431381,,0.9811656255204757,0.09840062428150276,-1.5213176822654462,-0.2821303550108005,-1.6189339175988124,-0.9117119286368888,-0.5789454378968708,-1.0096346396132359,-0.7930412178007229,0.5412810292837129,4.426544965526969
r0089,89,2,-0.5300861753582393,0.6286504224008957,-0.3828985085493395,24.478177330818667,C,C,-0.08656303221965934,-0.46521068364898055,1.2921569154930825,1.7082355390286619,-0.6814550998439164,-0.6398659178178013,0.5514521771137766,-0.4565586943626433,-0.36785172990044684,,,0.4363911078050147,1.159886750740334,0.42698168011514354,-0.4653145921026214,0.2696422961251951,1.2475092788123339,5.476841123291513,0.8745892193353233
r0090,90,3,0.6772067411884919,-0.7051208333642915,0.6399196477381377,20.68324429602664,A,B,-0.15768712838639473,-2.007727541006429,0.2715868773178225,1.2978509392851396,0.8009578779067832,-0.07571952859581335,1.4238628662904895,0.7002054112332852,-0.11719043774314963,0.969589347693482,0.4780851650445209,-0.8986560118850271,1.506962482967359,-0.47969302204835307,-1.9903922211874963,-0.5313311849177871,0.38854844066659244,6.782390437948789,5.865948391366035
r0091,91,3,0.17061971257429964,-0.1652637091895055,0.5255787589096277,18.137861526563803,B,A,-0.7036026912943167,0.24827285677973465,-0.2539631299096834,0.303175253786647,0.5313912218684603,-0.8932989074012067,-1.239285534688891,,-0.06071034722185406,0.43446637722955966,0.7386695222007271,-0.8964940922142113,-1.1696828689177334,1.068421627880371,-0.7239447835370498,-0.36982007991808846,-0.33780692454435574,-2.544989589948723,-1.7976481804647957
r0092,92,3,0.009601005084796332,-0.6947636250890392,0.22723592100882017,26.197228364545776,C,C,1.157253661743353,-0.3910475950605463,-1.5497351075730537,-0.05442401851277059,,-1.2849881805584407,-0.13449033168464358,,-0.26925044872131754,0.010068615940917236,1.6663092593046984,2.4955433592746306,-1.1743503418073364,1.2400082718621892,1.3583444652650536,-0.3523663307756364,-0.9289123410029584,2.7000553368582136,-0.8349773683752044
r0093,93,3,0.20455707554959623,0.09928842309258301,0.34611995140580465,21.97389673029297,B,B,-0.9322944970155171,-2.1396203103683744,-0.782192299414171,-1.1124986316180006,-0.9644972551877921,-0.7398894583866304,-0.8470073574907737,,0.11059885864830002,-0.6883589774790898,0.5885490521269127,0.5260927937827059,-1.2518578238733367,-0.4175316781337705,-0.49469545576624585,-0.7815236875674639,1.755605458045414,-1.9827283160935045,-1.6144328934366639
r0094,94,3,0.8787724191549069,0.5215050131911247,-0.26239467762472346,17.64630387015063,C,B,,0.9480867956020391,-0.7170032978698815,0.3287295043591073,-0.02167086704322048,1.5426769249693622,1.3914175076879611,-0.08998696932940786,0.6932289197645392,0.1974454093614317,-2.908691630949939,-0.2038012857704542,1.2040328362372719,0.14371928685223717,1.6298223992140963,1.9241593821627894,-1.1508328296646488,-7.145799986233448,-3.668364495933017
r0095,95,3,0.11567320828096261,0.3618655358212015,0.42961781355976547,20.781280059146713,B,A,1.042050650356089,-1.3799845124911505,-0.2404391980157548,-1.8688895254857318,1.1381789294379387,,0.8010265228458842,-0.7385050562166616,-1.184392470050882,-0.18873398138433356,0.24784734334786118,-0.7271175938576275,-1.0662417245314135,-0.49613379811159347,0.8208933185460999,0.9204368702596517,0.24502206282369013,8.430616163145277,0.515980932543972
r0096,96,3,0.9852654984664322,-0.7400852549259227,0.6838650516483484,17.05652251396827,B,C,-0.4927387135352616,-0.9878928755621703,-0.45903779585801924,1.1585932129019034,-0.9577676958273343,-1.1027233307517847,1.2434109654080208,-0.5432279471003925,0.15154531929866127,-0.2880205420047956,0.5368531400727378,-1.5059785623931297,0.5362444184856162,-1.5077995166687512,0.6583479567388013,-0.025268557970808393,-1.7220037647567927,3.745166697406136,4.786993114932098
r0097,97,3,0.2043136747439236,0.12510557982471915,-0.6729635030465979,16.096558684679366,B,C,1.8985994240751545,-1.309800071833162,-0.13733833280691296,0.29177059639687253,0.4001629562586987,-0.23665478501550347,0.6866788563981687,0.3615643048474627,0.6484839291305229,0.5582022243426777,1.0633507282213694,0.5759250042772222,1.3753452205766574,0.13208338445967296,0.7445097888848466,1.1544159084556198,2.0829025194232886,12.197661998815807,9.272440576599994
r0098,98,3,0.9470768519813009,-0.8103440362803822,0.3768195282025397,17.257715530678187,C,C,0.4227160109515592,1.8743050540730632,2.521893431981275,-1.0821936068559135,-0.9277643613392098,0.49325836210213747,0.062107182826010854,0.43009290851334187,0.6123169403934543,0.9443872113763594,0.1499388382356096,-1.4732219702341551,-0.32038276193944326,-1.0504642512651376,0.3641642498964316,0.7558361125752948,-0.7727088350928457,4.904108751333163,-4.312009640482123
r0099,99,3,0.325954084493256,0.44558952200346247,0.7126944568865461,19.520606054199312,B,B,0.23236101028909556,0.07993997928329738,0.25343120105807315,-1.388225501387352,-0.04365885019451399,-0.34706609704690594,,-0.4151483552464791,0.1927149214449626,-0.22846708601791899,0.9602194360600524,0.336718336382785,-0.08095238519703601,-1.0049244301430003,-1.8325805415880676,-0.08277764808485583,-1.319769130068986,0.914245508811763,-0.5269400509167309
r0100,100,3,0.8598657968266721,0.9248195820422,-0.9690690002557596,21.671122463717783,B,A,1.1712593135042595,-0.6057821006066308,0.5777124518829444,0.49476798142545886,1.3126384001349718,-0.3386606201836839,1.9664759306779664,-0.1913368074547383,-0.2927103408985945,-0.4872538235999972,-0.28209756209595366,-1.94325914708509,0.7669078012346278,-0.5682885622028185,-0.1432444887199662,-0.26687062099404046,1.0137181908689177,5.102076109074911,1.3290564583875244
r0101,101,3,0.12820108827909893,0.6727838689539123,-0.6275224812073221,16.10698493675192,C,B,-0.3912526765467273,1.115461734807104,-0.5660484843098854,0.2624256468005526,-1.3393537551215844,0.7196911262074234,3.4790983613924915,0.49435326789802064,,1.187688636806392,-1.5920032104519277,0.1742886022208946,0.38317965563835604,-1.7479322306467693,0.13979131351903656,0.6009345232238342,0.33480339980878887,-8.990055461044268,-2.9165850025894398
r0102,102,3,-0.18087366519983217,-0.5010788909816548,0.6207080538502388,12.286474457584838,B,B,0.49153858155768254,-1.6132059057610273,-1.2129537782262627,-1.1092152696147664,0.4377395722693338,-0.5887957641840612,-0.5248330199279851,-0.16357474339975367,-0.08305993135643738,0.4281430385468453,-0.41406040538625144,,-0.37195517214796453,1.3316919210233873,-0.038978537218438566,-0.08976042250289244,0.2391750558930577,3.0975889549358584,3.013265793811396
r0103,103,3,0.9107225916076025,-0.3232308915491313,-0.8392642085778819,18.163856028495026,B,B,0.09831484205934718,,0.855820140699054,-0.8241642168624266,-0.9291548150945933,-0.7825215705230901,1.3213455861869723,-0.9670250663750785,-0.7081720828448667,-1.3024627640368953,0.23293233026316998,-0.4942365694494345,0.3501829406411262,-0.5745876355479276,,,-0.572520693648739,11.665919377850393,0.981573349528071
r0104,104,3,-0.16282177767914674,0.08762220913854413,0.5325915755526365,25.99458342334969,C,B,-1.0078948786612363,-0.03044126457222668,2.453337159313063,0.47524813151437273,0.3264891287811006,-0.004300884501443031,-0.39659716485930613,0.6379766980614671,0.11019644470385659,0.12289729367256391,,-0.5608477386456988,0.2553822416588211,0.7449465266206949,1.4994055308087546,-1.7007999324293435,-1.8072826115161391,0.024603148757002646,0.8054101069731217
r0105,105,3,-0.8382306832074087,0.8138681970993997,-0.9267600174229167,20.034079709068095,B,B,-0.9610481010013923,1.4464335419121568,-0.4218416946948074,0.8561171040959714,0.9342348498539044,-1.054030535113973,-1.1945307762954496,0.8955938027172625,1.132954352225713,1.1657516236975685,-0.1747880222757426,0.20187073336288847,0.986476901510944,-1.5004572459401135,-0.7548827121422916,-0.8264927081592139,-0.3353426558223414,-13.49054203728405,-1.7285293299143352
r0106,106,3,-0.6724573554747246,0.5626753768963406,0.6542513941587693,18.404927118077836,B,B,0.2628073041183669,0.7805137066854786,-0.9030577311165742,-0.9303122882848932,-1.4379081862672685,-0.11865322063940176,-0.7418041606076347,-1.4020649900003654,-1.5435376439028625,-1.8137388181746958,-0.715063036692333,,-2.070810258205806,0.8068757627645909,0.2605920665687184,0.0664743316968916,-0.37595553508874846,-8.064158557175068,-2.378830292246896
r0107,107,3,-0.8168990789470609,-0.09556872115907811,0.4148601998788557,20.767846633454305,C,C,-1.2459099772265616,0.3786585363473927,1.6670829118685448,-0.7214196363251648,0.15548232142823168,0.009944264090030339,-1.6092179030248865,0.8566607922430096,0.23489391624219663,0.5806719127703788,-0.09362618046663324,0.056487402364850364,3.0152770780774905,-0.9476385782886066,1.9490549691791785,-0.48593614416064596,0.22619164744384962,-4.89157107114834,-1.0900081925613994
r0108,108,3,-0.8802803947323261,-0.9214393203304201,-0.11486553904494445,32.23003100525698,C,C,0.9108173540854894,-0.6684758706840788,-1.018513065922188,1.1211427168237655,-0.31077559623953777,2.4457088235776716,1.3845015614641492,1.2093586634319826,1.0479102245060727,0.8026017802899651,0.9139192496472597,-0.30687423174165607,-0.06593094503855486,0.05100972662877603,0.3992570193269987,-0.9359148974929341,0.1383206683600039,5.316601857333475,8.503607814719569
r0109,109,3,0.5711543226683196,-0.5272667793620316,0.7976403006247992,22.84420924606656,C,B,0.6981685285862067,0.3784050345633216,0.13479992581347505,0.7597041131503209,-1.5342813688255665,-0.0022359368908134725,1.8114653008609995,-0.7123666973118705,-0.10943835516839068,-0.44519315709307716,-0.9703472075486957,1.6020777988834898,0.5229515968904888,0.020701774657385326,0.865160384762829,-1.3168436269557071,-0.0891129388467652,3.0981266958727884,2.6304259514804573
r0110,110,3,0.21056543925909854,-0.3042250736640584,-0.5522923831908371,26.024637947276343,B,B,-0.6649338231743509,-1.0126047695442184,-0.9269074279528717,-0.8434385675445684,0.438243142860967,0.41411959779436713,-0.4661054905721756,-1.4786751652107277,-1.8544576134420223,-1.4249038131295175,0.738961881014183,-0.6182786107650651,-1.996406388376388,0.4539498793344683,,0.32518521579773524,0.7953481146042143,-0.8773027215016094,3.0809271176192317
r0111,111,3,-0.21739613198016228,0.30113181431145764,-0.8053660432054519,19.250039590693962,C,A,1.6898596846656861,-0.6666813995535208,0.5482378899601221,-1.0105352540967447,3.38805495900406,-0.5128232138761026,0.9429164802784589,-0.6694454314571696,-0.8283837029301779,-1.2768126381405356,0.6207082416863998,-1.3273744728153558,-0.41462560369704504,2.8404095842419914,0.36311530128366426,-0.4763079259175382,1.3061557254976413,8.594262257934494,1.7130120534171498
r0112,112,3,-0.5615456889798129,-0.6153529425020738,-0.13412690919640746,9.557126090050359,C,C,-1.835420948553717,-1.8837370923390477,1.0948638099303263,0.15419589603520426,0.004614606335994739,-0.6899821415512568,1.3344753389958972,,-1.842283629664827,-2.433612346875838,0.12949821674672315,-0.16047675912763512,,1.0336790188973037,-0.21379364331738968,-1.25945317056328,0.81297694328851,1.8391965951202067,-1.4411104796298084
r0113,113,3,0.3652881877290344,0.6974602469493525,0.5904934563292634,12.248809060960678,B,B,0.27434666864861407,2.340170799624193,-0.5863147063779666,0.05594180824654524,0.5090130510459169,-1.3492878715214192,-0.5700409629461574,0.017073536000024037,-0.015281622352389834,0.08762282156582735,0.7798559535524736,-1.874828351913188,1.4208703152200917,-0.14783250260038128,1.4148262952309376,-1.1176918631629251,0.026157969812858957,-10.343888818350672,-9.04217680113593
r0114,114,3,-0.22916402370912725,-0.28645574584330613,0.02740411753490024,19.09552231648425,C,C,-0.7673636515963005,0.03231013364185606,0.6465068772672882,-1.217075131942936,-0.5700083145483416,1.1109091223079453,1.5485247299303724,0.14271909220714396,-0.10250100504540927,0.6294663282065467,-0.0505295460032383,0.01121051084926164,-0.6080981608313955,,0.20916256714849726,0.08932047917406585,-0.18484656155217163,-3.865701703314715,-2.140667506469445
r0115,115,3,0.7436154039771892,-0.7588052663719287,0.10133932361837394,17.45298372736294,C,C,1.6135646546135431,-1.2370018551868471,0.5164517128327369,-0.5916855686126996,1.0736543158895147,0.19853294350336312,1.073725390225887,-0.004705282991130072,-0.1524701517387776,-0.24425298465595913,0.881003442072794,-1.3667517032199952,0.11287661294001987,0.49236108526801975,-0.43897147901629857,-0.6940705507070294,1.9000557877336537,14.04861845956917,7.418297484088388
r0116,116,3,-0.6164485985251034,0.8013446502679904,-0.19744520963749435,17.930873998579532,C,B,-0.39692322098756555,-1.740788657753239,-0.9959743467633384,1.3154893803916359,,-0.6544968753770288,-0.3825989648268561,0.309966933056535,-0.5125358871207601,0.2271765931641443,1.2568468281290963,0.2442698758645171,-0.6967727922510558,-0.6522138554408173,-0.8034388653563806,0.3857864835616791,0.9682254171208926,1.4607355475051769,-2.8931299198663365
r0117,117,3,0.4561120616776002,0.973696186552419,0.10178263088116113,19.781534124898624,B,B,-0.9017733758573869,-0.4938404061049161,0.41261449387524535,-0.13236403685583398,-0.10559367700945144,0.6347685410352011,0.7465622820148321,0.6163516888238935,0.4927513260023284,0.7136737454305933,-0.27345400487278737,0.02184368785248211,-1.4858784179059146,-0.3170261070780244,0.27291524403640866,,-0.2869047916107876,0.17814477193953893,2.5105380340608137
r0118,118,3,0.7492491169672697,-0.49788541877908443,0.5313283621901173,6.208447139719343,C,B,-1.3394364481121392,0.5616571377450117,0.8092104437277221,-0.5572434358193505,0.9453390205442953,,0.07516878538180238,1.0433612215113297,1.3051847146422564,2.0836500392925275,-0.31149127140399424,-0.15424883562589178,0.7667871445444414,0.1650229201331132,-0.24432471901714672,-1.3585594758098845,1.7441390243049775,2.947755150368113,-0.1623810266953154
r0119,119,3,-0.7564372671125004,0.8377555967695303,-0.24650672524152273,25.015264494057355,B,B,0.02042783553115276,1.3290109191799024,0.018352203707529255,-0.44392213634640265,-0.521545417706896,-1.0816168511268347,1.7416676200550776,-0.29253266053578453,-0.25860309582799496,-0.31792504442986247,-0.2739738695655088,-0.6135139322029898,-0.03851568394777221,-1.2438144499201327,0.1641210157019606,1.2998683278486631,-2.0374466737999066,-8.319885084048401,-5.237354809626126
r0120,120,4,-0.6712236995395977,-0.7132227254259591,0.824805888896708,20.942388202229754,C,A,1.6353413111556248,0.1433235461493384,1.486494864198252,,-1.0002819549197797,-0.5540634744780389,1.405724187535236,-0.529272303317598,0.03719501964732913,0.247880568783247,0.41212062828502743,0.29032613969123877,0.39007031480024273,1.3461529418950826,-1.0233125546629303,-1.5621613665468275,-0.14091231251748235,-8.315999746273292,-0.2963334972357983
r0121,121,4,-0.7477436972381191,0.1718628110451812,0.6861528778126005,21.561093317778916,A,B,0.4430490754342122,0.5442453306925599,1.9735552108097223,2.179814085150564,0.7059864229265841,-1.3647649274458833,1.6642846963760471,0.41227011818244486,1.0520907971718865,0.6277298323017529,-0.02873602733180946,-0.473192212615384,-0.7259940770412289,0.7720881889666101,1.21771094512764,1.364431282771464,0.3481100052601369,3.206950620467337,1.7247178188011982
r0122,122,4,0.05577770878318522,0.1739685604331338,-0.2277684618629532,18.193722920578278,A,A,0.46559865270400397,-0.07906992687616213,2.8299779566940804,0.1117767657630871,,-0.04586504344433781,,-0.23285718398820343,-0.2936702162530718,-0.6398670796267529,,-0.3350996828855497,-0.8376214394822455,0.19988033837751779,0.3745858829991678,-0.31883642592508227,-0.8710544840004437,4.3664357148489215,0.18197073093935093
r0123,123,4,0.10470541774448994,0.6876811540021397,0.931197477591156,20.26719768544526,A,A,,-1.5268001170455339,0.12146523872208209,1.7114553705106068,-0.7186248709115045,1.2240405632391895,-0.5798444283939852,,-1.4970852137774113,,0.29857045808102695,1.6780007341025667,1.5728465685519077,-0.6432512755830155,1.2022509446149652,,0.4832063211568102,3.4902449179146293,-3.3304796025359975
r0124,124,4,-0.599995240634916,-0.43110748186842107,0.8126325208306595,21.98901918862521,A,C,1.144082842123486,0.4807423892006253,0.24718050131500874,-0.6913676850688872,1.3828843960424066,0.8596448901760678,-0.2240295863495712,0.7167708348180286,0.3607395402758832,,-1.2522184997334327,-0.599526882826295,-0.18531456890944226,0.3621077047725581,0.5603153110636364,-1.48216632837035,0.49475027440638963,-2.416724663129198,1.9830628866302977
r0125,125,4,-0.4278524364674898,0.13375763528263507,-0.6638187958936224,24.448706572598685,A,C,0.04098817615957839,0.40449935634935696,1.4296802373347361,0.21169164629852127,1.409867799924983,-2.578592608630613,2.2062472221841807,0.005661320279153545,0.6453564266981853,0.10191650144917477,-0.24415518825322013,0.02743821667960679,-0.37527468146861803,-0.4002299300909862,0.2343872306585438,,,6.8385093010382105,5.269231613099583
r0126,126,4,-0.17863208701276534,0.46960449672570026,0.911924284678894,19.627328660748734,C,A,0.8197584972112913,0.1176478977564015,2.099381984309465,0.918150331496751,-0.015192694160742908,-1.8440915458497626,0.4814594099552515,1.4051860729028325,1.7162112179398328,1.3766250624556318,-1.1507896783228408,-2.52882311312328,-0.8473840242206588,0.5957870161369765,-0.3039708828100927,-0.2189470088141078,0.7607715509337332,1.5115794965587228,2.53500407266173
r0127,127,4,0.3939576261336233,-0.17525799124066355,0.3428894185845528,20.82722369234207,A,B,-0.03437015792977843,-1.8141966456931287,0.5912888387193174,,-2.134326967363898,-1.0740744450449244,-0.3487851494751812,-0.5323180735560801,-0.8340422184894716,-0.7415417822899197,1.7118048295738544,0.8868587284808714,0.2952239828316272,0.3830641919117806,-1.6876034410556922,-1.1943117345192804,0.9394420811600543,-4.3390501171673215,-3.7586282783871843
r0128,128,4,-0.7735360102266211,-0.37918097976453624,-0.39482820699431675,27.757748735657188,A,A,-0.9607772069085493,-0.5877470403081191,-0.36432576483774026,1.1566558345168454,0.837322333858072,1.590992996855096,-0.8216846023516833,-0.9018765613766506,-0.273197013715405,-0.06797210298160206,-0.37149964158552606,0.7142262407847266,1.5754143199354402,0.8134641621702784,-0.06678204083915346,,-0.011279147975470577,4.748808667537644,-1.7556749196302248
r0129,129,4,-0.7739354803330438,-0.1841399792227265,0.5916151406200982,16.415978489851867,C,B,-0.37044084400013544,-1.925407490820965,0.7319946010431722,0.6049903461993694,1.0983894809017394,1.2727636863076297,1.0064398327907884,-0.5743376357226644,0.02855170945222718,-0.6471356932599839,,0.16514931073744904,,-0.3405908442482222,-0.6968182005780086,-0.43334024708183266,-0.7004709070858507,-2.6291217280588643,-6.822505465121402
r0130,130,4,0.5738840288917442,0.09240375893512587,-0.13972384832339801,18.01083935510337,C,C,-0.3865053715807937,-3.4853325550182555,0.6631075904054653,0.055808171278526,1.845984755722865,-2.120091321693412,0.8328866830949009,-0.5325437557518378,0.04686441067230995,-0.37704556270883405,,-1.040399406572704,0.8718086460851725,0.0435290865805224,0.7424535636764205,-1.596071535124002,-1.4768288987470002,1.9245499736911713,-2.389928124299714
r0131,131,4,0.2637177475932173,-0.15719583373962043,0.8499061056093398,25.727150192357126,B,A,2.888115240084413,-1.7515900558980855,-1.565173235762383,1.4028943390266404,-1.4755026280446046,2.0580636339573304,1.6529327178939741,0.3650287880716794,-0.06139978734815693,0.1514299746283386,-0.6984056794549512,0.6299916392080387,-0.5299611066117692,0.1868882525333551,-1.9151937143579534,-1.1247783931065822,1.4273875300931007,-11.150732621480678,-5.028308469290386
r0132,132,4,-0.4768918894613383,-0.751385617626867,0.2861910070367448,19.281494048878848,C,B,0.6028373538542816,-0.412047428013505,0.06360279912439995,1.3727764432617078,-1.2232451554048402,-0.3495381158733477,-0.2382110351227555,0.5745040558598092,0.0036658229596129854,-0.19900059551521637,1.4119048303816544,-0.13356599792822607,,-1.646937543997914,-1.5617754356029705,0.02649945570849865,1.262383922785445,-4.935392351847598,-5.110269264991049
r0133,133,4,0.0915539097473741,-0.6258058870031766,0.35072349047531737,21.184601732348074,A,C,-1.5169285870354363,-0.07714168931225779,0.8310174183254602,2.3937752286110277,-1.0502024396707454,-0.8693430869226791,-0.19905227030735217,-1.4837081778238064,-1.7045616570688658,-1.2400873803121837,-2.4282089589696514,2.1360050375063633,-0.31170107299749505,-1.9603227346986205,,1.511794656703076,0.471248058195703,0.7255360765292342,-1.0732353205513319
r0134,134,4,0.343172057640557,-0.2848746048830877,-0.7704091550483347,27.41910562787409,A,C,0.7216529429161713,-0.03154094843736195,0.39292090304062555,0.6019898889558439,0.37569457694925834,-0.06329981323741596,-0.6648800703843083,0.8697986109255718,0.9755193869086728,1.1304527894525411,-0.17935414888197848,-0.5536801854110276,0.022768110176106332,-0.4884250478630273,-1.5012096709948328,0.029300801278796952,0.624174433283643,7.417711986213339,3.5142335109810583
r0135,135,4,-0.6465810165364012,-0.1859684090505418,0.5620085694219032,22.71576810763119,A,A,0.9540076667272939,0.79528744531538,-1.2993648710831471,-0.23636146019092297,-0.048560583051742816,-0.15313620786017892,0.6841043905099065,-0.0157365564247839,0.356439522944744,0.8071586260796279,-0.933717544304785,-0.14834830628777584,-0.6572074027726449,-1.799703544880637,-0.03558834375273284,0.9014376916637105,0.5047821202537113,-6.615716221336905,-8.850121938871492
r0136,136,4,-0.9496749780876186,-0.375722226116308,0.4650823050638897,20.68937680018454,A,A,1.6309996851560271,0.02538182996760449,1.9864558714854073,0.6254617273785824,1.0038459776018753,0.04668942242055927,2.093444628271201,0.007740242456821589,0.4754749293498187,-0.35556341557395704,-0.34144907521843887,-0.21950784515077804,-0.4429666213163825,-0.2101363378724875,-1.4622028947408914,0.10931736363633776,1.064231279146698,-0.8179251713847897,2.579841665364488
r0137,137,4,0.65609747706286,0.5087598656145587,-0.19485216785468906,12.680869391784471,B,A,1.104499003632752,-0.503465951393342,-0.6623932141327884,-2.1062427060922717,-0.23200182462618074,1.1645751667415623,0.6847876042655112,-0.49677377679264983,-0.4447533438405515,-0.03419530207958299,-1.1576733109165522,0.12565031101323645,,0.1271271702514187,,-0.3099707111529653,-0.6198100419214924,-6.777540287560431,-5.168247980686115
r0138,138,4,0.824990408521745,0.5097741600672816,0.8183890853315694,19.368383503573213,A,C,2.2024742670435487,1.577791959268144,0.01323640483404026,0.7698747365388205,-0.12349053617925988,0.33727127445148875,0.6472476867148118,1.1607079001200293,0.27283456301236514,0.708434816217159,0.5787957884848788,1.0348225093362635,0.14410414522737555,0.5057206336545694,-2.3764076155534366,0.7145821948938866,,-3.0146510697198137,-1.4421539678655173
r0139,139,4,0.01766704305444078,0.6849277060961756,0.5858364188460929,12.450519305514177,A,B,1.2377040671839419,-0.5430412782733063,-0.3906786905529533,-0.8093598978932517,-2.496848959840858,0.1897593247346861,0.28545041353904155,-1.8788251636209437,-1.554497226920931,-1.1480655685136558,1.5658090072237836,-0.019226949463458855,0.20907975766246206,0.9696448910369518,-1.0487034569122042,-0.2767981143692331,1.4350995899021015,-9.91060687426154,-5.586484696394876
r0140,140,4,0.6438423946511553,-0.12366491508945221,0.8448783805504649,23.661191607921058,A,A,1.104275099879245,0.038665785913353595,-0.9851813702726264,-0.2600938046690292,0.4885112043366742,-1.573469574437548,0.1234991543079259,-0.44059608862106275,-0.6662864773238695,-0.8192936741706447,-0.07685046636358384,-0.614729384655614,-0.004544450288389137,-0.0021905534333553603,-0.3152445240357258,-0.7416317907409018,0.4670569148446746,-9.86774652206372,-6.3971251296207905
r0141,141,4,0.6456035343758797,0.08700028391628223,0.6063999123662589,29.702063404513694,A,B,0.2582517337873596,-0.3824891527859911,-0.0834756418013502,0.5786958372198766,-0.70922247740702,0.30761423569594337,0.4073878662313484,-0.48082643636579625,-1.1637648368590046,-0.031470470195070155,0.5252085619574945,-0.8600593071626997,0.5910465762874529,-0.4304423809170299,-0.1443207556145491,-1.156727208669768,0.41533918350487037,-0.775676576880667,-0.4008567601503471
r0142,142,4,-0.39789187639187795,-0.3106274372920943,0.11592702153822199,23.547539966096565,A,A,-0.24052351073788414,-1.0536615890566854,0.7001182014526826,0.9527515549307899,0.5156671371869173,-0.6710335562713418,0.9804791166041289,-0.021744343011719017,0.32491197737081456,0.12633226519663418,-0.11364884747268335,-0.6037793809873221,0.7228238345116189,0.24973135997303028,0.15142356912052876,,0.6844320794640079,-0.1268699124134769,1.13370459629707
r0143,143,4,-0.09002731722493196,0.24762218144370562,-0.0592983277811745,19.818032446634852,A,A,0.17523469329563093,-0.8373892126357444,-1.444761087212325,0.8596009677179437,0.9311193056945735,1.2849102905592087,-0.41614235001342664,1.2625186518655929,1.6133931493355202,1.2429247442966767,-0.7019083241133459,-1.079715032607715,0.3842582392383372,-1.6198802810178916,-2.659773228404308,2.2487876860621188,0.7527170064276634,11.187161869044756,11.292435641989288
r0144,144,4,0.5212167047921827,0.8064916097814478,0.09137713335942976,18.306608093797653,A,C,-0.8889493069354241,,-0.981495015105915,1.9461440317542409,1.0214864991244992,-1.1393311507714685,0.35284754864450196,0.832961225247364,0.7383099634701782,,1.0558168480187486,0.6580859071483087,-0.4527966214507266,,-2.971076119662554,0.28047340428791195,0.10976048887616136,10.913778055616762,10.345608991410458
r0145,145,4,0.37180812450186074,0.26845763511701404,0.7279243346938609,29.478843904802552,C,A,0.4112191142572986,-1.6130189013432532,-2.0326281897982157,-0.9983934038013689,-2.3910313847933997,-2.7381481534838445,,0.2986265452005576,0.45565055546204947,0.46577353187476456,-0.23836942332132458,-0.08110208176893913,-1.102358874380364,0.7839394852471835,1.279509855000776,0.2639998213169813,1.0594184339238568,-1.9322294378006717,2.078324900281782
r0146,146,4,0.8870803985761819,0.7660726904068123,-0.9106890600104613,13.166365874713387,A,C,1.1350762800711076,1.049262155942027,0.5060415604205947,1.0704915315158905,0.35770299842952025,0.4805926731357032,0.5398035258333501,0.39136950252826297,0.3949275559620889,-0.01489270279492913,1.0439595540952948,1.3704023332204316,0.008798669457771283,2.028469132072544,0.9879957671160373,-0.2690868472862218,-1.059849989632186,11.502535497391325,10.642894561709324
r0147,147,4,0.6945261155620233,0.8741874807282706,-0.28943606816051504,22.774600705809952,A,B,1.4726903831060678,0.6836056487671669,0.865720790960114,-0.7215610716492813,0.875351274324139,0.27202173620340675,0.5412394392721975,0.6012190284917202,0.6317672463102427,0.5102032557881354,-0.7218670066410373,-0.24000850025458464,-1.2779224864863499,-0.04610012346704103,0.45154784219640937,0.34211378025611816,-0.28376874498947635,-0.43819631338510234,2.3408031931235174
r0148,148,4,0.5803225313976554,0.4223795622482227,0.5569647513960614,21.340202231496058,A,A,0.7626897740339402,-0.8982433018509693,-0.5011692886361421,0.11019258763216172,1.3213338803565884,-1.3000185803062796,0.6860479296360902,0.23414298615324847,0.6260591123379342,0.4046562802982569,,0.3295460516467702,-1.4309409758970761,,0.13839574617712436,-0.3570778795609557,0.40944497965736026,-2.7478337524983405,3.5022854415156397
r0149,149,4,-0.6414723949349077,0.7569753451170957,-0.6365562900034287,16.874387915183775,C,C,1.0380484289096086,0.6257294115113268,1.4001672222402912,,-0.007861345922792352,-0.6552274031376576,0.1446954038294704,0.726838931258764,0.09665997333433204,0.3460156065953496,-0.5124513317221151,-1.4767647323695212,0.004837563615565008,-0.26085960623716126,-0.8603063715435242,-0.08926490232940441,-0.2649105994560653,1.150987348532214,1.2486291526111157
